identifier,defined_in_phase,referenced_in_phases,reference_count
D-01,0,"1;2;4",17
D-02,0,"1;5",14
D-03,0,"1;2",16
D-04,0,"1",11
D-05,0,"1;5",21
D-06,0,"1;2",9
D-07,0,"1;2;4",10
D-08,0,"1;2;3;4;5",11
D-09,0,"1",7
D-10,0,"1",3
D-11,0,"1;2;4",13
CCR-01,1,"2;7",3
CCR-04,1,"2;7",4
OCR-01,1,"2;3;4;7",6
OCR-03,1,"2;3;7",5
NER-01,1,"",0
LED-03,1,"",0
CCR-02,1,"2",2
G-01,1,"2",5
G-02,1,"",5
G-03,1,"",3
G-04,1,"",2
G-05,1,"",3
G-06,1,"",0
G-07,1,"",0
G-08,1,"",0
G-09,1,"",0
G-10,1,"2;3;4",4
NG-01,1,"2;3;5",4
NG-02,1,"2;3;5",5
NG-03,1,"2;3;5",3
NG-04,1,"3;5",2
NG-05,1,"2;3;5",3
LED-04,1,"",0
ENG-02,1,"",0
ARG-01,1,"",0
V-00,1,"",0
V-04,1,"",0
C-17,1,"",0
LED-06,1,"",0
LED-07,1,"",0
PUR-01,1,"4",1
ENG-03,1,"",0
REN-01,1,"",0
REN-02,1,"",0
REN-05,1,"",0
REN-07,1,"",0
ADV-02,1,"",0
RPT-03,1,"",0
MET-01,1,"2;3;5",5
MET-02,1,"3;4",4
OCR-02,1,"3",1
MET-03,1,"",0
MET-04,1,"",0
MET-05,1,"5",1
MET-06,1,"3;4",4
MET-07,1,"3;5",2
MET-08,1,"3;4;5",3
MET-09,1,"5",1
MET-10,1,"",0
MET-11,1,"2;3;5",6
MET-12,1,"",0
MET-13,1,"",0
CAP-01,1,"4",1
CAP-02,1,"",0
AST-01,1,"",0
CAP-03,1,"",0
REL-01,1,"",0
CAP-04,1,"",0
MAP-01,1,"",0
MAP-02,1,"",0
CAP-05,1,"",0
TIME-01,1,"",0
CAP-06,1,"4",1
CLS-01,1,"",0
CAP-07,1,"",0
PHE-01,1,"",0
PHE-02,1,"",0
CAP-08,1,"5",1
RISK-01,1,"",0
RISK-02,1,"",0
CAP-09,1,"4",1
AE-01,1,"",0
CAP-10,1,"",0
SDOH-01,1,"",0
CAP-11,1,"4",1
VOICE-01,1,"",0
CAP-12,1,"",0
SUM-01,1,"",0
SUM-02,1,"",0
CAP-13,1,"",0
QA-01,1,"",0
QA-02,1,"",0
CAP-14,1,"4;5",4
DEID-01,1,"",0
DEID-02,1,"",0
CAP-15,1,"",0
MATCH-01,1,"",0
CAP-16,1,"4",1
MM-01,1,"",0
MM-02,1,"",0
CAP-17,1,"",0
PACK-01,1,"",0
CAP-18,1,"",0
WF-01,1,"",0
CAP-20,1,"2;4;5;6",9
CAP-19,1,"",0
ST-01,1,"",1
ST-02,1,"",2
ST-03,1,"",7
RE-01,1,"",0
RE-02,1,"",0
ADV-03,1,"",0
E2E-01,1,"",0
E2E-12,1,"",0
CST-03,1,"2;3;4;5",7
CST-12,1,"2;4",5
CR-01,1,"2;7",12
CST-10,1,"2;4;5",4
CST-01,1,"4",1
CST-02,1,"4;5",2
CCR-03,1,"2",2
CST-04,1,"4;5",2
CST-05,1,"4;5",2
CST-06,1,"4;5",4
CST-07,1,"2;4;5",4
CST-08,1,"4;5",4
CST-09,1,"2;4;5",3
CST-11,1,"4",1
CST-13,1,"2;4;5",8
STK-01,2,"",0
STK-02,2,"",0
STK-03,2,"",0
STK-04,2,"",0
STK-05,2,"3",1
STK-06,2,"",0
STK-07,2,"3",2
STK-08,2,"",0
STK-09,2,"",0
STK-10,2,"",0
STK-11,2,"",0
STK-12,2,"3",1
SIT-07,2,"3",1
STK-13,2,"",0
EXT-01,2,"3",2
EXT-02,2,"3",1
EXT-03,2,"3",1
EXT-04,2,"3",1
EXT-05,2,"3",1
EXT-06,2,"3",1
EXT-07,2,"3",1
EXT-08,2,"",0
EXT-09,2,"3",1
EXT-10,2,"3",1
EXT-11,2,"3",2
EXT-12,2,"3",2
SIT-01,2,"3",1
SIT-02,2,"3",1
SIT-03,2,"3",1
SIT-04,2,"3",1
SIT-05,2,"3",1
SIT-06,2,"3",1
SIT-08,2,"3",2
SIT-09,2,"3",1
POL-01,2,"5",1
POL-02,2,"",0
POL-03,2,"4;5",2
POL-04,2,"5",1
POL-05,2,"5",7
POL-06,2,"4;5",2
POL-07,2,"",0
POL-08,2,"5",1
POL-09,2,"",0
POL-10,2,"",0
POL-11,2,"4",2
POL-12,2,"4",1
POL-13,2,"4",1
POL-14,2,"4",1
POL-15,2,"4",1
RSK-01,2,"",0
RSK-02,2,"",0
RSK-03,2,"",0
RSK-04,2,"5",1
TH-04,2,"",0
RSK-05,2,"5",1
RSK-06,2,"",0
RSK-07,2,"",0
RSK-08,2,"",0
RSK-09,2,"5",1
RSK-11,2,"5",1
RSK-10,2,"",0
POR-03,2,"",0
IF-09,3,"4",6
IF-10,3,"4",4
IF-01,3,"4",7
IF-05,3,"4",5
IF-14,3,"4",3
ROL-01,3,"",0
ROL-02,3,"",0
ROL-03,3,"",0
ROL-04,3,"",0
ROL-05,3,"",0
ROL-06,3,"",0
ROL-07,3,"",0
ROL-08,3,"",0
ROL-09,3,"",0
ROL-10,3,"",0
ROL-11,3,"",0
ROL-12,3,"5",1
ROL-13,3,"",0
ROL-14,3,"",0
ROL-15,3,"4;5",2
MOD-01,3,"5",2
MOD-02,3,"5",2
MOD-04,3,"5",2
MOD-03,3,"4;5",2
MOD-05,3,"5;7",4
SCN-01,3,"4;5;6",41
SCN-02,3,"4;5;6",13
SCN-03,3,"4;5;6",11
SCN-06,3,"4;5;6",9
SCN-04,3,"4;5;6",16
SCN-05,3,"4;5;6",12
SCN-07,3,"4;5;6",16
SCN-08,3,"4;5;6",9
SCN-09,3,"4;5;6",7
SCN-10,3,"4;5;6",7
IF-02,3,"4",13
IF-03,3,"4",7
IF-04,3,"4",3
IF-06,3,"4",2
IF-07,3,"4",4
IF-08,3,"4",4
IF-11,3,"4",4
IF-12,3,"4",4
IF-13,3,"4",4
IF-15,3,"4",4
DAT-01,3,"4",1
DAT-02,3,"4",1
DAT-03,3,"4",1
DAT-04,3,"4",1
DAT-05,3,"4",1
DAT-06,3,"4;5",2
DAT-07,3,"4",1
DAT-08,3,"4",1
DAT-09,3,"4",1
DAT-10,3,"4",1
PERF-01,3,"4",2
PERF-02,3,"4",2
PERF-03,3,"4",1
PERF-04,3,"4",1
PERF-05,3,"4",1
PERF-06,3,"4",1
PERF-07,3,"4",1
PERF-08,3,"4",1
PERF-09,3,"4",1
PERF-10,3,"4",1
PERF-11,3,"4",1
PERF-12,3,"4;5",6
MN-01,3,"5",4
MN-02,3,"5",2
MN-03,3,"5",5
MN-04,3,"5",3
MN-05,3,"5",4
MN-06,3,"5",3
MN-07,3,"5",3
MN-08,3,"5",3
MN-09,3,"5",3
MN-10,3,"5",4
MN-11,3,"5",4
MN-12,3,"5",3
MN-13,3,"5",4
TIF-01,4,"5",2
TIF-15,4,"",0
COMP-01,4,"",0
COMP-02,4,"",0
COMP-03,4,"",0
COMP-04,4,"",0
COMP-05,4,"",0
COMP-06,4,"",0
COMP-07,4,"",0
COMP-08,4,"",0
COMP-09,4,"",0
COMP-10,4,"",0
COMP-11,4,"5",1
COMP-12,4,"",0
COMP-13,4,"5",1
COMP-14,4,"",0
COMP-15,4,"",0
COMP-16,4,"",0
COMP-17,4,"",0
COMP-18,4,"",0
COMP-19,4,"",0
COMP-20,4,"5",1
COMP-21,4,"",0
COMP-22,4,"",0
COMP-23,4,"",0
COMP-24,4,"",0
TIF-02,4,"5",5
TIF-03,4,"5",4
TIF-04,4,"5",1
TIF-05,4,"5",1
TIF-06,4,"",0
TIF-07,4,"5",1
TIF-08,4,"5",2
TIF-13,4,"5",1
TIF-09,4,"5",3
TIF-10,4,"5",1
TIF-11,4,"5",1
TIF-12,4,"5",1
TIF-14,4,"5",1
TIF-16,4,"5;6",2
TIF-17,4,"5",1
TIF-18,4,"5",1
TECH-01,4,"",0
TECH-02,4,"",0
TECH-03,4,"",0
TECH-04,4,"",0
TECH-05,4,"",0
TECH-06,4,"",0
TECH-07,4,"",0
TECH-08,4,"5",1
TECH-09,4,"",0
TECH-10,4,"",0
TECH-11,4,"",0
TECH-12,4,"",0
TECH-13,4,"",0
TECH-14,4,"",0
TECH-15,4,"",0
TGT-01,4,"5",3
TGT-02,4,"5",2
TGT-03,4,"5",2
TGT-04,4,"5",3
TGT-05,4,"5",2
TGT-06,4,"5",2
TGT-07,4,"5",3
TGT-08,4,"5",3
TGT-09,4,"5",2
TGT-10,4,"5",3
TGT-11,4,"5",6
TGT-12,4,"5",2
TGT-13,4,"5",3
TGT-14,4,"5",3
TGT-15,4,"5",2
TGT-16,4,"5",3
STD-01,4,"5",2
STD-02,4,"",0
STD-03,4,"5",1
STD-04,4,"",0
STD-05,4,"5",2
STD-06,4,"",0
STD-07,4,"",0
STD-08,4,"",0
STD-09,4,"5",1
STD-10,4,"",0
STD-11,4,"",0
STD-12,4,"",0
STD-13,4,"",0
STD-14,4,"",0
STD-15,4,"",0
STD-16,4,"",0
DEC-01,4,"",0
DEC-05,4,"",0
DEC-02,4,"5",1
DEC-03,4,"",0
DEC-04,4,"",0
DEC-06,4,"",0
DEC-07,4,"",0
REQ-001,5,"6",2
REQ-002,5,"6",2
REQ-003,5,"6",2
REQ-004,5,"6",2
REQ-005,5,"6",2
REQ-006,5,"6",2
REQ-007,5,"6",2
REQ-008,5,"6",2
REQ-009,5,"6",2
REQ-011,5,"6",2
REQ-012,5,"6",2
REQ-013,5,"6",2
REQ-014,5,"6",2
REQ-015,5,"6",2
REQ-016,5,"6",2
REQ-017,5,"6",2
REQ-018,5,"6",2
REQ-020,5,"6",2
REQ-021,5,"6",2
REQ-022,5,"6",2
REQ-023,5,"6",2
REQ-024,5,"6",2
REQ-025,5,"6",2
REQ-027,5,"6",2
REQ-028,5,"6",2
REQ-029,5,"6",2
REQ-030,5,"6",2
REQ-031,5,"6",2
REQ-032,5,"6",2
REQ-033,5,"6",2
REQ-034,5,"6",2
REQ-035,5,"6",2
REQ-036,5,"6",2
REQ-037,5,"6",2
REQ-039,5,"6",2
REQ-040,5,"6",2
REQ-041,5,"6",2
REQ-042,5,"6",2
REQ-043,5,"6",2
REQ-044,5,"6",2
REQ-045,5,"6",2
REQ-046,5,"6",2
REQ-047,5,"6",2
REQ-048,5,"6",2
REQ-049,5,"6",2
REQ-051,5,"6",2
REQ-052,5,"6",2
REQ-053,5,"6",2
REQ-054,5,"6",2
REQ-056,5,"6",2
REQ-057,5,"6",2
REQ-058,5,"6",2
REQ-059,5,"6",2
REQ-060,5,"6",2
REQ-061,5,"6",2
REQ-062,5,"6",2
REQ-063,5,"6",2
REQ-064,5,"6",2
REQ-065,5,"6",2
REQ-066,5,"6",2
REQ-067,5,"6",2
REQ-068,5,"6",2
REQ-069,5,"6",2
REQ-070,5,"6",2
REQ-071,5,"6",2
REQ-072,5,"6",2
REQ-073,5,"6",2
REQ-074,5,"6",2
REQ-075,5,"6",2
REQ-076,5,"6",2
REQ-077,5,"6",2
REQ-078,5,"6",2
REQ-079,5,"6",2
REQ-080,5,"6",2
REQ-081,5,"6",2
REQ-082,5,"6",2
REQ-083,5,"6",2
REQ-084,5,"6",2
REQ-085,5,"6",2
REQ-086,5,"6",2
REQ-087,5,"6",2
REQ-088,5,"6",2
REQ-089,5,"6",2
REQ-090,5,"6",2
REQ-091,5,"6",2
REQ-092,5,"6",2
REQ-093,5,"6",2
REQ-095,5,"6",2
REQ-096,5,"6",2
REQ-097,5,"6",2
REQ-098,5,"6",2
REQ-099,5,"6",2
REQ-100,5,"6",2
REQ-101,5,"6",2
REQ-102,5,"6",2
REQ-103,5,"6",2
REQ-104,5,"6",2
REQ-105,5,"6",2
REQ-106,5,"6",2
REQ-107,5,"6",2
REQ-108,5,"6",2
REQ-109,5,"6",2
REQ-110,5,"6",2
REQ-111,5,"6",2
REQ-112,5,"6",2
REQ-113,5,"6",2
REQ-114,5,"6",2
REQ-115,5,"6",2
REQ-116,5,"6",2
REQ-118,5,"6",2
REQ-119,5,"6",2
REQ-121,5,"6",2
REQ-122,5,"6",2
REQ-123,5,"6",2
REQ-124,5,"6",2
REQ-125,5,"6",2
REQ-126,5,"6",2
REQ-127,5,"6",2
REQ-128,5,"6",2
REQ-129,5,"6",2
REQ-130,5,"6",2
REQ-131,5,"6",2
REQ-132,5,"6",2
REQ-133,5,"6",2
REQ-134,5,"6",2
REQ-135,5,"6",2
REQ-136,5,"6",2
REQ-137,5,"6",2
REQ-138,5,"6",2
REQ-139,5,"6",2
REQ-140,5,"6",2
REQ-141,5,"6",2
REQ-142,5,"6",2
REQ-143,5,"6",2
REQ-144,5,"6",2
REQ-145,5,"6",3
REQ-146,5,"6;7",4
REQ-147,5,"6",2
REQ-148,5,"6",2
REQ-149,5,"6",2
REQ-150,5,"6",2
REQ-151,5,"6",2
REQ-152,5,"6",2
REQ-153,5,"6",2
REQ-154,5,"6",2
REQ-155,5,"6",2
REQ-156,5,"6",2
REQ-157,5,"6",2
REQ-158,5,"6",2
REQ-159,5,"6",2
REQ-160,5,"6",2
REQ-161,5,"6",2
REQ-162,5,"6",2
REQ-163,5,"6",2
REQ-164,5,"6",2
REQ-166,5,"6",2
REQ-167,5,"6",2
REQ-168,5,"6",2
REQ-169,5,"6",2
REQ-170,5,"6",2
REQ-171,5,"6",2
REQ-172,5,"6",2
REQ-173,5,"6",2
REQ-174,5,"6",2
REQ-175,5,"6",2
REQ-176,5,"6",2
REQ-178,5,"6",2
REQ-179,5,"6",2
REQ-180,5,"6",2
REQ-181,5,"6",2
REQ-182,5,"6",2
REQ-183,5,"6",2
REQ-184,5,"6",2
REQ-185,5,"6",2
REQ-186,5,"6",2
REQ-187,5,"6",2
REQ-010,5,"6",1
REQ-019,5,"6",1
REQ-026,5,"6",1
REQ-038,5,"6",1
REQ-050,5,"6",1
REQ-055,5,"6",1
REQ-094,5,"6",1
REQ-117,5,"6",1
REQ-120,5,"6",1
REQ-165,5,"6",1
REQ-177,5,"6",1
ACT-01,6,"",0
ACT-02,6,"",0
ACT-03,6,"",0
ACT-04,6,"",0
ACT-05,6,"",0
ACT-06,6,"",0
ACT-07,6,"",0
ACT-08,6,"",0
ACT-09,6,"7",1
ACT-10,6,"",0
ACT-11,6,"",0
ACT-12,6,"",0
ACT-13,6,"",0
VAL-001,6,"",0
VAL-002,6,"",0
VAL-003,6,"",0
VAL-004,6,"",0
VAL-005,6,"",0
VAL-006,6,"",0
VAL-007,6,"",0
VAL-008,6,"",0
VAL-009,6,"",0
VAL-011,6,"",0
VAL-012,6,"",0
VAL-013,6,"",0
VAL-014,6,"",0
VAL-015,6,"",0
VAL-016,6,"",0
VAL-017,6,"",0
VAL-018,6,"",0
VAL-020,6,"",0
VAL-021,6,"",0
VAL-022,6,"",0
VAL-023,6,"",0
VAL-024,6,"",0
VAL-025,6,"",0
VAL-027,6,"",0
VAL-028,6,"",0
VAL-029,6,"",0
VAL-030,6,"",0
VAL-031,6,"",0
VAL-032,6,"",0
VAL-033,6,"",0
VAL-034,6,"",0
VAL-035,6,"",0
VAL-036,6,"",0
VAL-037,6,"",0
VAL-039,6,"",0
VAL-040,6,"",0
VAL-041,6,"",0
VAL-042,6,"",0
VAL-043,6,"",0
VAL-044,6,"",0
VAL-045,6,"",0
VAL-046,6,"",0
VAL-047,6,"",0
VAL-048,6,"",0
VAL-049,6,"",0
VAL-051,6,"",0
VAL-052,6,"",0
VAL-053,6,"",0
VAL-054,6,"",0
VAL-056,6,"",0
VAL-057,6,"",0
VAL-058,6,"",0
VAL-059,6,"",0
VAL-060,6,"",0
VAL-061,6,"",0
VAL-062,6,"",0
VAL-063,6,"",0
VAL-064,6,"",0
VAL-065,6,"",0
VAL-066,6,"",0
VAL-067,6,"",0
VAL-068,6,"",0
VAL-069,6,"",0
VAL-070,6,"",0
VAL-071,6,"",0
VAL-072,6,"",0
VAL-073,6,"",0
VAL-074,6,"",0
VAL-075,6,"",0
VAL-076,6,"",0
VAL-077,6,"",0
VAL-078,6,"",0
VAL-079,6,"",0
VAL-080,6,"",0
VAL-081,6,"",0
VAL-082,6,"",0
VAL-083,6,"",0
VAL-084,6,"",0
VAL-085,6,"",0
VAL-086,6,"",0
VAL-087,6,"",0
VAL-088,6,"",0
VAL-089,6,"",0
VAL-090,6,"",0
VAL-091,6,"",0
VAL-092,6,"",0
VAL-093,6,"",0
VAL-095,6,"",0
VAL-096,6,"",0
VAL-097,6,"",0
VAL-098,6,"",0
VAL-099,6,"",0
VAL-100,6,"",0
VAL-101,6,"",0
VAL-102,6,"",0
VAL-103,6,"",0
VAL-104,6,"",0
VAL-105,6,"",0
VAL-106,6,"",0
VAL-107,6,"",0
VAL-108,6,"",0
VAL-109,6,"",0
VAL-110,6,"",0
VAL-111,6,"",0
VAL-112,6,"",0
VAL-113,6,"",0
VAL-114,6,"",0
VAL-115,6,"",0
VAL-116,6,"",0
VAL-118,6,"",0
VAL-119,6,"",0
VAL-121,6,"",0
VAL-122,6,"",0
VAL-123,6,"",0
VAL-124,6,"",0
VAL-125,6,"",0
VAL-126,6,"",0
VAL-127,6,"",0
VAL-128,6,"",0
VAL-129,6,"",0
VAL-130,6,"",0
VAL-131,6,"",0
VAL-132,6,"",0
VAL-133,6,"",0
VAL-134,6,"",0
VAL-135,6,"",0
VAL-136,6,"",0
VAL-137,6,"",0
VAL-138,6,"",0
VAL-139,6,"",0
VAL-140,6,"",0
VAL-141,6,"",0
VAL-142,6,"",0
VAL-143,6,"",0
VAL-144,6,"",0
VAL-145,6,"",0
VAL-146,6,"",0
VAL-147,6,"",0
VAL-148,6,"",0
VAL-149,6,"",0
VAL-150,6,"",0
VAL-151,6,"",0
VAL-152,6,"",0
VAL-153,6,"",0
VAL-154,6,"",0
VAL-155,6,"",0
VAL-156,6,"",0
VAL-157,6,"",0
VAL-158,6,"",0
VAL-159,6,"",0
VAL-160,6,"",0
VAL-161,6,"",0
VAL-162,6,"",0
VAL-163,6,"",0
VAL-164,6,"",0
VAL-166,6,"",0
VAL-167,6,"",0
VAL-168,6,"",0
VAL-169,6,"",0
VAL-170,6,"",0
VAL-171,6,"",0
VAL-172,6,"",0
VAL-173,6,"",0
VAL-174,6,"",0
VAL-175,6,"",0
VAL-176,6,"",0
VAL-178,6,"",0
VAL-179,6,"",0
VAL-180,6,"",0
VAL-181,6,"",0
VAL-182,6,"",0
VAL-183,6,"",0
VAL-184,6,"",0
VAL-185,6,"",0
VAL-186,6,"",0
VAL-187,6,"",0
VAL-010,6,"",0
VAL-019,6,"",0
VAL-026,6,"",0
VAL-038,6,"",0
VAL-050,6,"",0
VAL-055,6,"",0
VAL-094,6,"",0
VAL-117,6,"",0
VAL-120,6,"",0
VAL-165,6,"",0
VAL-177,6,"",0
CND-01,7,"",0
CND-02,7,"",0
CND-09,7,"",0
CND-11,7,"",0
APR-01,7,"",0
CND-03,7,"",0
CND-04,7,"",0
CND-05,7,"",0
CND-06,7,"",0
CND-07,7,"",0
CND-08,7,"",0
CND-10,7,"",0
